{
    "timestamp": "2025-06-27 16:30:22",
    "php_version": "8.1.32",
    "memory_limit": "-1",
    "iterations": 1000,
    "results": {
        "App Initialization": {
            "total_time": 0.002546072006225586,
            "avg_time_microseconds": 2.546072006225586,
            "ops_per_second": 392761.869088866,
            "memory_used": 0
        },
        "Basic Route Registration (GET)": {
            "total_time": 0.004374027252197266,
            "avg_time_microseconds": 4.374027252197266,
            "ops_per_second": 228622.26098332062,
            "memory_used": 804416
        },
        "Basic Route Registration (POST)": {
            "total_time": 0.0059108734130859375,
            "avg_time_microseconds": 5.9108734130859375,
            "ops_per_second": 169179.73539851565,
            "memory_used": 792768
        },
        "Route with Parameters (PUT)": {
            "total_time": 0.005693912506103516,
            "avg_time_microseconds": 5.693912506103516,
            "ops_per_second": 175626.16196298468,
            "memory_used": 825536
        },
        "Complex Route Registration": {
            "total_time": 0.004528999328613281,
            "avg_time_microseconds": 4.528999328613281,
            "ops_per_second": 220799.32617393136,
            "memory_used": 760000
        },
        "Route Pattern Matching": {
            "total_time": 0.0004761219024658203,
            "avg_time_microseconds": 0.4761219024658203,
            "ops_per_second": 2100302.453680521,
            "memory_used": 0
        },
        "Middleware Stack Creation": {
            "total_time": 0.0072040557861328125,
            "avg_time_microseconds": 7.2040557861328125,
            "ops_per_second": 138810.69631983055,
            "memory_used": 923840
        },
        "Middleware Function Execution": {
            "total_time": 0.0006520748138427734,
            "avg_time_microseconds": 0.6520748138427734,
            "ops_per_second": 1533566.3619744058,
            "memory_used": 0
        },
        "Security Middleware Creation": {
            "total_time": 0.0037610530853271484,
            "avg_time_microseconds": 3.7610530853271484,
            "ops_per_second": 265882.9793977813,
            "memory_used": 760000
        },
        "CORS Headers Processing": {
            "total_time": 2.4080276489257812e-5,
            "avg_time_microseconds": 0.024080276489257812,
            "ops_per_second": 41527762.37623762,
            "memory_used": 0
        },
        "XSS Protection Logic": {
            "total_time": 0.0002529621124267578,
            "avg_time_microseconds": 0.2529621124267578,
            "ops_per_second": 3953161.1687087654,
            "memory_used": 0
        },
        "JWT Token Generation": {
            "total_time": 0.0039370059967041016,
            "avg_time_microseconds": 3.937005996704102,
            "ops_per_second": 254000.12111669593,
            "memory_used": 0
        },
        "JWT Token Validation": {
            "total_time": 0.004511833190917969,
            "avg_time_microseconds": 4.511833190917969,
            "ops_per_second": 221639.39970407946,
            "memory_used": 0
        },
        "Request Object Creation": {
            "total_time": 0.003668069839477539,
            "avg_time_microseconds": 3.668069839477539,
            "ops_per_second": 272622.94442638935,
            "memory_used": 0
        },
        "Response Object Creation": {
            "total_time": 4.1961669921875e-5,
            "avg_time_microseconds": 0.041961669921875,
            "ops_per_second": 23831272.727272727,
            "memory_used": 0
        },
        "Response JSON Setup (100 items)": {
            "total_time": 0.006031990051269531,
            "avg_time_microseconds": 6.031990051269531,
            "ops_per_second": 165782.76679841898,
            "memory_used": 0
        },
        "JSON Encode (Small)": {
            "total_time": 9.417533874511719e-5,
            "avg_time_microseconds": 0.09417533874511719,
            "ops_per_second": 10618491.139240507,
            "memory_used": 0
        },
        "JSON Encode (Large - 1000 items)": {
            "total_time": 0.10791707038879395,
            "avg_time_microseconds": 107.91707038879395,
            "ops_per_second": 9266.374600397228,
            "memory_used": 0
        },
        "JSON Decode (Large - 1000 items)": {
            "total_time": 0.35970211029052734,
            "avg_time_microseconds": 359.70211029052734,
            "ops_per_second": 2780.0782130310863,
            "memory_used": 0
        },
        "CORS Configuration Processing": {
            "total_time": 5.2928924560546875e-5,
            "avg_time_microseconds": 0.052928924560546875,
            "ops_per_second": 18893261.261261262,
            "memory_used": 0
        },
        "CORS Headers Generation": {
            "total_time": 2.09808349609375e-5,
            "avg_time_microseconds": 0.0209808349609375,
            "ops_per_second": 47662545.45454545,
            "memory_used": 0
        },
        "Memory Usage": {
            "memory_per_app": 1395.76,
            "total_memory": 139576,
            "memory_before": 6915448,
            "memory_after": 7055024
        }
    }
}